ID;Poi position;Poi Type;Poi tiempos
1;2,5;Vigilar;48.39637875556946
1;2,5;Critico;28.396241188049316
